mazda,Allegro,2000
mazda,CX5,2005
mazda,323,2010
mazda,626,2004
mazda,Allegro,2000
mazda,CX5,2005
mazda,323,2010
mazda,626,2004
mazda,Allegro,2000
mazda,CX5,2005
mazda,323,2010
mazda,626,2004
Chevrolet,Sail,2000
Chevrolet,CX5,2005
Chevrolet,323,2010
Chevrolet,626,2004
Chevrolet,Sail,2000
Chevrolet,CX5,2005
Chevrolet,323,2010
Chevrolet,626,2004
Renault,Twingo,2000
Renault,Logan,2005
Renault,Megan,2010
Renault,Twingo,2004
mazda,CX5,2015
mazda,323,2010
mazda,626,2014
mazda,Allegro,2000
mazda,CX5,2015
mazda,323,2010
mazda,626,2004
mazda,Allegro,2000
mazda,CX5,2008
mazda,323,2010
mazda,626,2004
Chevrolet,Sail,2000
Chevrolet,Spark,2005
Chevrolet,Aveo,2016
Chevrolet,Astra,2004
Chevrolet,Sail,2000
Chevrolet,Spark,2003
Chevrolet,Aveo,2016
Chevrolet,Astra,2014
Renault,Twingo,2000
Renault,Logan,2005
Renault,Megan,2010
Renault,Twingo,2014

